Filename	StartTimeStamp	XIC-WideFrac	XIC-FWHM-Q1	XIC-FWHM-Q2	XIC-FWHM-Q3	XIC-Height-Q2	XIC-Height-Q3	XIC-Height-Q4	RT-Duration	RT-TIC-Q1	RT-TIC-Q2	RT-TIC-Q3	RT-TIC-Q4	RT-MS-Q1	RT-MS-Q2	RT-MS-Q3	RT-MS-Q4	RT-MSMS-Q1	RT-MSMS-Q2	RT-MSMS-Q3	RT-MSMS-Q4	MS1-TIC-Change-Q2	MS1-TIC-Change-Q3	MS1-TIC-Change-Q4	MS1-TIC-Q2	MS1-TIC-Q3	MS1-TIC-Q4	MS1-Count	MS1-Freq-Max	MS1-Density-Q1	MS1-Density-Q2	MS1-Density-Q3	MS2-Count	MS2-Freq-Max	MS2-Density-Q1	MS2-Density-Q2	MS2-Density-Q3	MS2-PrecZ-1	MS2-PrecZ-2	MS2-PrecZ-3	MS2-PrecZ-4	MS2-PrecZ-5	MS2-PrecZ-more	MS2-PrecZ-likely-1	MS2-PrecZ-likely-multi
"H-1-2-1.mzML"	2012-10-20T05:19:40Z	0.159207	13.6555	17.6867	24.708	1.05991	1.2997	6.553	7199.38	0.135359	0.279477	0.359832	0.225331	0.26162	0.249443	0.246884	0.242053	0.200814	0.182908	0.235844	0.380434	0.899827	0.795426	3.41392	0.359813	0.547246	2.54327	8259	1.20785	1791	2126	2338	7462	3.80909	162	250	404	0	0.683061	0.305012	0.00844278	0.00134012	0.0021442	0	0
"H1-1-2_121019114606.mzML"	2012-10-19T11:46:05Z	0.152044	16.103	21.7531	31.184	1.25812	1.32823	6.13665	7199.54	0.120701	0.100847	0.461414	0.317038	0.276899	0.244743	0.239415	0.238943	0.14245	0.110845	0.205771	0.540934	0.81295	0.752931	3.46411	0.257286	0.513027	2.95262	8155	1.20873	1911	2161	2376	7511	4.27762	197	329	538	0.000133138	0.748103	0.236453	0.00798828	0.00213021	0.00519238	0	0
"H1-1-1.mzML"	2012-10-20T07:31:33Z	0.163428	11.0857	14.3495	21.6728	0.955139	1.26728	7.1385	7199.42	0.137064	0.284205	0.355619	0.223112	0.256446	0.245827	0.250367	0.24736	0.231223	0.239605	0.240157	0.289015	0.84685	0.780638	3.3453	0.332103	0.547284	2.61841	8138	1.20712	1779.25	2089	2318	8646	3.84549	154	234	379	0	0.588365	0.377053	0.0307657	0.000809623	0.00300717	0	0
"H1-1-3_121019135728.mzML"	2012-10-19T13:57:27Z	0.152783	23.3993	30.2259	37.6279	1.1561	1.36918	5.18224	7199.44	0.116911	0.0861435	0.196912	0.600034	0.28598	0.266451	0.225236	0.222333	0.175178	0.141701	0.200836	0.482286	0.922218	1.07277	5.63981	0.399608	0.887822	2.88035	7535	1.21151	2105	2369	2649.5	12737	4.27744	185	313	500	0	0.627777	0.331318	0.0334459	0.00416111	0.00329748	0	0
"H1-2-2.mzML"	2012-10-20T09:43:29Z	0.149978	14.8366	19.8521	28.9781	1.19549	1.28057	4.20447	7199.08	0.1575	0.431982	0.211881	0.198637	0.267547	0.246323	0.241785	0.244345	0.139134	0.136763	0.28842	0.435683	0.857949	0.772971	4.27303	0.334287	0.593288	2.93788	8284	1.20953	1612	1895	2134	6721	4.36168	158	235	400	0.000297575	0.804493	0.185835	0.00654664	0.000892724	0.00193424	0	0
"H1-1-10_121020030745.mzML"	2012-10-20T03:07:44Z	0.173351	21.7467	27.927	35.2538	1.1666	1.12548	5.19035	7199.43	0.189526	0.0611189	0.189852	0.559503	0.241344	0.310002	0.241394	0.20726	0.246065	0.173004	0.199614	0.381318	1.26741	1.37845	4.9917	0.711759	1.12462	2.40504	6590	1.20657	2136.25	2535	2791.75	17779	3.99111	203	370	613	5.62461e-05	0.594353	0.354632	0.0458406	0.00264357	0.00247483	0	0
"H1-1-5_121019060624.mzML"	2012-10-19T06:06:23Z	0.168922	23.9003	29.7767	34.9895	1.13826	1.14677	4.6664	7199.49	0.113502	0.0560182	0.136184	0.694296	0.269544	0.302315	0.222724	0.205417	0.201059	0.162263	0.20545	0.431228	1.05205	1.30175	5.40616	0.443082	1.26325	2.6586	6841	1.20841	2246	2614	2938	16037	3.92927	201	364	591	0	0.594563	0.351936	0.046268	0.00498846	0.00224481	0	0
"H1-1-9_121020005556.mzML"	2012-10-20T00:55:55Z	0.182456	21.7948	27.4236	33.7073	1.02339	0.99471	4.61762	7200.3	0.117466	0.0664102	0.167043	0.64908	0.241826	0.326231	0.238001	0.193942	0.24488	0.172885	0.191835	0.390401	1.191	1.41438	4.93366	0.801828	1.18365	2.19392	6342	1.2081	2270	2701	2980	18673	4.26915	213	384	626	0	0.545815	0.402774	0.0458951	0.00364162	0.00187436	0	0
"H1-2-3.mzML"	2012-10-20T11:55:24Z	0.167339	24.0275	30.0006	36.8252	1.25886	1.25486	5.28047	7199.13	0.10852	0.0890884	0.447013	0.355379	0.29108	0.256453	0.225964	0.226503	0.154172	0.11278	0.139708	0.59334	0.953058	1.10577	5.70424	0.483741	0.885427	2.81309	7728	1.21035	1742	1998	2237	10416	4.39711	170	285.5	486	9.60061e-05	0.66225	0.303187	0.0294739	0.0031682	0.00182412	0	0
"H1-2-10.mzML"	2012-10-21T03:19:20Z	0.181554	20.0849	26.1988	34.697	1.25209	1.41404	5.5766	7200.26	0.20048	0.114591	0.438283	0.246645	0.213164	0.282545	0.292895	0.211396	0.273919	0.202864	0.214379	0.308838	1.09572	1.03209	4.44682	0.54345	0.770991	1.99862	5830	1.19913	2166	2598.5	2981	21316	4.33108	178	311	528	0	0.497561	0.449521	0.048602	0.00281479	0.00150122	0	0
"H1-1-4_121019160925.mzML"	2012-10-19T16:09:24Z	0.170919	17.4212	22.7456	31.2464	1.16201	1.14381	4.91929	7199.16	0.119628	0.0840192	0.240423	0.55593	0.243743	0.300225	0.256767	0.199265	0.24032	0.190162	0.21955	0.349968	0.95674	1.04781	3.01224	0.543818	0.748507	2.27349	6415	1.20291	2449	2873	3390.5	17950	3.97668	213	384.5	593	0	0.550696	0.377103	0.0567131	0.0104735	0.00501393	0	0
"H1-1-7_121019203245.mzML"	2012-10-19T20:32:45Z	0.189265	20.1901	25.2326	32.9971	1.04128	0.955774	4.81575	7199.31	0.180443	0.102338	0.1665	0.550719	0.214656	0.2792	0.287197	0.218947	0.272549	0.206957	0.214713	0.305781	1.21749	1.18873	4.33013	0.958355	1.00854	1.51196	5733	1.20406	2480	2942	3482	22207	4.49478	202	364	591	0	0.434998	0.449183	0.0949701	0.0161661	0.00468321	0	0
"H1-1-8_121019224422.mzML"	2012-10-19T22:44:21Z	0.190178	19.1477	24.4463	31.6961	1.06684	1.1028	3.82495	7199.02	0.128527	0.0785601	0.15068	0.642234	0.214618	0.292015	0.298399	0.194968	0.271363	0.197958	0.203189	0.327491	1.26594	1.28078	2.89297	1.09683	1.14149	1.76584	5816	1.20398	2639.75	3098.5	3646.25	21217	4.23332	225	400	644	0	0.440779	0.444031	0.092473	0.0172032	0.00551445	0	0
"H1-1-6_121019182102.mzML"	2012-10-19T18:21:02Z	0.17674	22.8447	29.9026	37.8117	1.16247	1.23319	3.84426	7199.5	0.201629	0.0958706	0.173071	0.529429	0.207199	0.255574	0.309035	0.228192	0.282086	0.21995	0.201206	0.296758	1.33864	1.14648	4.04574	1.43588	0.803978	1.35369	5628	1.19956	2506	2950.5	3852.25	22502	4.39039	192	330	564	0	0.455115	0.428051	0.0879477	0.0224424	0.00644387	0	0
"H1-2-4.mzML"	2012-10-20T14:07:23Z	0.178073	25.6526	31.852	38.6013	1.11951	1.14195	4.64529	7199.83	0.198392	0.0989664	0.273131	0.429511	0.270441	0.308575	0.219911	0.201074	0.206102	0.168496	0.176054	0.449348	1.1286	1.26852	4.78237	0.626582	1.37815	1.93378	6715	1.20729	1969.5	2384	2663	16701	4.70966	190	323	516	5.98767e-05	0.545057	0.38357	0.0625711	0.00688582	0.00185618	0	0
"H2-1-1.mzML"	2012-10-22T13:50:11Z	0.131082	17.135	23.5156	34.4086	1.1096	1.21429	6.41576	7199.34	0.138608	0.376687	0.259662	0.225043	0.260755	0.243628	0.246087	0.249529	0.164221	0.251864	0.321546	0.262369	0.821541	0.847868	3.76793	0.337189	0.507418	2.552	8279	1.20792	1856	2036	2315	7255	4.03918	182	323	523	0.000137836	0.636664	0.340041	0.0177808	0.00248105	0.00275672	0.000137836	0
"H2-1-2.mzML"	2012-10-22T16:01:34Z	0.136241	22.3733	29.1238	37.1634	1.16711	1.12872	6.10018	7199.73	0.136218	0.401941	0.239923	0.221919	0.277018	0.241271	0.240666	0.241045	0.138952	0.123899	0.397156	0.339993	0.892546	0.783999	3.3604	0.308424	0.542662	2.72942	8158	1.2075	1884	2082	2326.75	7039	3.67115	166	268	451	0.000426197	0.732064	0.254582	0.00809774	0.00170479	0.00298338	0.000142066	0
"H2-1-3.mzML"	2012-10-22T18:13:28Z	0.162731	27.4789	33.7698	40.2107	1.12321	1.19205	5.265	7199.67	0.112312	0.121394	0.509134	0.25716	0.286971	0.270284	0.2217	0.221045	0.17351	0.132958	0.164408	0.529124	0.926849	0.856796	3.21793	0.462495	0.788161	2.64473	7484	1.20834	1943.75	2246	2490.25	12155	4.14858	187	306	488	0.000164541	0.684327	0.290004	0.0230358	0.00148087	0.000987248	0	0
"H1-2-5.mzML"	2012-10-20T16:19:23Z	0.174678	25.6475	32.1341	39.5794	1.07631	1.10468	4.88988	7199.4	0.205931	0.130072	0.284456	0.379541	0.227351	0.28572	0.285525	0.201404	0.257638	0.207765	0.201152	0.333446	1.23477	0.954854	4.44446	1.00851	0.670204	1.65036	5822	1.20063	2449	2952	3600	21657	4.7447	190	331	548	0	0.49402	0.41026	0.0703237	0.0174078	0.00798818	0	0
"H1-2-6.mzML"	2012-10-20T18:31:24Z	0.172405	26.0939	33.3619	41.1447	1.15883	1.17739	4.0528	7199.64	0.275494	0.127301	0.202719	0.394487	0.220264	0.259167	0.287986	0.232583	0.273898	0.219077	0.218926	0.288099	1.16145	1.0581	3.70334	1.05912	0.773423	1.02095	5794	1.17998	2513	2924	3463	22830	4.32576	179	295	479	0	0.440298	0.442225	0.0914148	0.0207184	0.00534385	0	0
"H1-2-7.mzML"	2012-10-20T20:43:26Z	0.176129	27.0991	34.2621	42.1131	1.1047	0.987438	4.50098	7200.28	0.375883	0.157977	0.163747	0.302393	0.216806	0.264396	0.274613	0.244185	0.281958	0.217653	0.230155	0.270235	1.08631	0.937876	3.48414	1.13738	0.644493	0.921313	5618	1.18102	2622	3054	3349	24465	4.63166	167	267	427	0	0.425506	0.469405	0.0905375	0.0112814	0.00326998	0	0
"H2-1-4.mzML"	2012-10-22T20:25:09Z	0.178529	35.5987	40.674	46.1016	0.917486	0.973079	4.19639	7199.38	0.211355	0.137035	0.339393	0.312216	0.267692	0.301651	0.226179	0.204478	0.215916	0.173039	0.179743	0.431302	1.04349	0.906498	4.93665	0.797868	0.983993	1.70974	6644	1.20996	2041.75	2594	2849.25	17549	4.79367	194	326	524	0	0.550231	0.37552	0.0642202	0.0082056	0.00182347	0	0
"H1-2-8.mzML"	2012-10-20T22:55:31Z	0.180379	24.0585	30.8577	38.9104	1.12107	1.00859	3.95686	7200.2	0.289184	0.119182	0.183512	0.408121	0.209237	0.249574	0.28386	0.257329	0.288157	0.22612	0.216502	0.26922	1.19333	0.909789	3.49032	1.04852	0.673294	0.955358	5580	1.17796	2941.75	3292	3708	24504	4.36519	207	319	491	0	0.430093	0.46474	0.0855371	0.0143242	0.00530526	0	0
"H1-2-9.mzML"	2012-10-21T01:07:23Z	0.180073	26.4843	32.8544	40.3124	1.01948	1.0047	4.54625	7199.75	0.239845	0.124929	0.256617	0.378609	0.217236	0.279031	0.277951	0.225782	0.274337	0.21167	0.220227	0.293767	1.12217	0.99711	4.08337	0.704415	0.773232	1.21492	5671	1.1784	2583	3022	3462	23696	4.49671	194	331	542	0	0.465564	0.454043	0.0653275	0.0116475	0.0034183	0	0
"H2-1-5.mzML"	2012-10-22T22:36:55Z	0.176343	27.1292	32.744	39.2207	1.06214	1.11392	4.02157	7199.59	0.210469	0.135629	0.286424	0.367477	0.250521	0.282724	0.273493	0.193262	0.259168	0.199796	0.195965	0.345071	1.04044	0.862133	4.36568	0.78033	0.813098	1.39353	5961	1.20566	2298	2795	3365	21288	4.9108	185	308	508	4.69748e-05	0.489055	0.410654	0.0763341	0.0178974	0.00601278	0	0
"H2-1-10.mzML"	2012-10-23T09:35:52Z	0.165636	28.2814	35.6641	42.3897	1.09048	1.16177	4.84232	7199.73	0.223059	0.133982	0.290914	0.352046	0.225401	0.261146	0.289276	0.224177	0.238108	0.220165	0.216846	0.324881	1.11088	0.856036	4.44003	0.731018	0.626416	1.58924	6275	1.18423	2473.5	3009	3601	21662	4.29777	200	330	576	0	0.512095	0.416905	0.0549349	0.0111716	0.00489336	0	0
"H2-1-6.mzML"	2012-10-23T00:48:36Z	0.173138	33.9205	39.9038	46.1163	0.965875	1.118	3.64539	7200.15	0.267405	0.14274	0.197249	0.392606	0.217904	0.252357	0.29778	0.231958	0.282239	0.228324	0.200994	0.288443	1.11245	0.837867	3.92474	1.16247	0.585308	0.841186	5702	1.16552	2616.25	3095	3937	23848	4.74926	179	296	497	4.19322e-05	0.476644	0.417184	0.0798809	0.0207984	0.00545119	0	0
"H2-2-2.mzML"	2012-10-23T13:59:12Z	0.157884	11.0037	14.2657	21.3776	1.20637	1.4957	6.06528	7199.64	0.112744	0.15958	0.49653	0.231146	0.266759	0.23843	0.250548	0.244263	0.166534	0.272514	0.283916	0.277037	0.868099	0.835628	4.04237	0.34316	0.513764	2.94227	8033	1.20363	1841	2009	2388	9925	4.74955	183	346	570	0	0.635668	0.345491	0.014005	0.0018136	0.00302267	0	0
"H2-2-1.mzML"	2012-10-23T11:47:36Z	0.175314	9.1064	11.519	16.717	0.703376	1.1495	7.90553	7199.3	0.127798	0.343658	0.305414	0.22313	0.24985	0.232672	0.275444	0.242034	0.244788	0.34147	0.144819	0.268923	0.905315	0.809164	3.07043	0.373073	0.462524	2.68176	7696	1.20533	1920	2138	2663	11796	3.73042	221	441	653	8.47745e-05	0.527043	0.432943	0.0322143	0.00491692	0.00279756	0	0
"H2-2-3.mzML"	2012-10-23T16:10:47Z	0.159498	12.2407	16.1723	24.7619	1.4729	1.58549	5.5526	7199.2	0.135116	0.0826722	0.392003	0.390209	0.283353	0.260231	0.230736	0.22568	0.175117	0.136241	0.238022	0.45062	0.874552	0.962413	5.44594	0.340695	0.658585	3.02853	7609	1.20552	1886	2171	2489	12113	4.54315	194	346	558	0	0.63535	0.340296	0.0194006	0.00239412	0.00255923	0	0
"H2-1-7.mzML"	2012-10-23T03:00:25Z	0.175041	23.1976	30.1353	38.2212	0.936653	0.971968	4.7894	7199.89	0.463891	0.130889	0.163268	0.241952	0.220341	0.2649	0.262011	0.252748	0.286315	0.219178	0.231808	0.2627	1.07188	0.783542	3.2844	1.35422	0.374768	0.745846	5804	1.1796	2774	3195.5	3746	24360	4.39682	179	282	439	0	0.436946	0.45	0.0942529	0.0145731	0.00422824	0	0
"H2-1-8.mzML"	2012-10-23T05:12:09Z	0.170292	27.5198	35.2121	43.089	0.978514	0.86223	3.74655	7200.83	0.312674	0.139661	0.173096	0.374569	0.219236	0.251236	0.266332	0.263196	0.289752	0.228472	0.219398	0.262378	1.15607	0.796961	3.57741	0.943906	0.460834	0.726571	5855	1.16655	3077.5	3479	4004.5	24364	4.40164	217	336	493	0	0.443359	0.456575	0.0842637	0.0118207	0.00398128	0	0
"H2-2-4.mzML"	2012-10-23T18:22:23Z	0.170655	20.0984	25.9499	34.1288	1.26022	1.2892	4.47126	7199.92	0.175507	0.0960702	0.252125	0.476298	0.270502	0.293467	0.229061	0.20697	0.206628	0.165555	0.183204	0.444613	1.01701	1.18901	4.66034	0.582393	1.21983	1.95786	7003	1.20869	2067	2439	2709	16173	4.31305	202	360	577	6.18314e-05	0.567984	0.379398	0.0470537	0.00340073	0.00210227	0	0
"H2-2-10.mzML"	2012-10-24T07:32:31Z	0.152224	21.7496	29.253	38.1368	1.12534	1.23232	4.86128	7199.69	0.244008	0.0935662	0.204593	0.457832	0.225475	0.26198	0.293263	0.219282	0.276547	0.204677	0.213496	0.305279	1.17426	0.957123	4.17479	0.720361	0.892609	1.78953	6380	1.20324	2276	2717.5	3040.25	20910	3.94207	209	375	638	0	0.521234	0.442659	0.034242	0.00095648	0.000908656	0	0
"H2-1-9.mzML"	2012-10-23T07:24:00Z	0.173844	36.5487	41.4517	47.0764	0.897415	0.975546	3.76456	7199.81	0.279335	0.123054	0.194238	0.403373	0.213603	0.258581	0.291871	0.235946	0.290364	0.224935	0.204616	0.280085	1.11839	0.876962	4.48405	1.02202	0.624178	1.11929	5845	1.18147	2831	3130	4103	24430	4.89535	216	369	631	0	0.482399	0.44253	0.0593942	0.0114613	0.00421613	0	0
"H2-2-5.mzML"	2012-10-23T20:34:04Z	0.166801	24.2297	31.2557	39.0002	1.10617	1.19224	3.925	7199.09	0.254991	0.115113	0.207238	0.422657	0.234695	0.271907	0.274625	0.218773	0.264455	0.216005	0.21304	0.3065	1.1617	0.99469	3.58835	1.01517	0.820019	1.00964	6099	1.19798	2434.5	2843	3281	22404	4.77007	186	308	507	0	0.438806	0.448491	0.0899393	0.0184788	0.00428495	0	0
"H2-2-6.mzML"	2012-10-23T22:45:39Z	0.164184	24.8192	31.7188	39.6066	1.18214	1.1831	4.28449	7199.02	0.320116	0.121426	0.186558	0.3719	0.236502	0.270797	0.271312	0.22139	0.262883	0.218245	0.217363	0.30151	1.20123	1.05272	3.44783	1.05933	0.924757	0.870799	6138	1.18658	2270	2718	3085	22225	4.6843	166	277	464	8.99888e-05	0.459708	0.44297	0.079955	0.0154781	0.00179978	0	0
"H2-2-7.mzML"	2012-10-24T00:57:15Z	0.170997	22.1025	28.9991	38.0296	0.967768	1.02304	4.7089	7200.09	0.536908	0.11703	0.133676	0.212385	0.222342	0.266856	0.255652	0.25515	0.283221	0.216911	0.238809	0.261059	1.13676	0.822884	2.81815	3.72289	0.482391	0.57506	5847	1.18237	2687	3067	3390	24170	4.6686	165.25	259	435	0	0.412991	0.4729	0.0982209	0.0129499	0.00293753	0	0
"SA1-1-1.mzML"	2012-10-24T12:07:44Z	0.16597	9.21382	11.8601	17.1527	0.836015	1.20458	7.17015	7199.67	0.120855	0.218376	0.455025	0.205744	0.262691	0.243487	0.262883	0.230939	0.192049	0.181288	0.28339	0.343273	0.90557	0.933285	5.44749	0.444266	0.560676	2.63193	7915	1.21115	1848	2345	2825	10761	4.44321	195	336	560	0	0.586284	0.337422	0.0424682	0.0173776	0.0164483	0	0
"SA1-1-2.mzML"	2012-10-24T14:18:47Z	0.154867	15.1782	19.9691	29.6477	1.01272	1.30704	6.38369	7199.68	0.135072	0.221627	0.451613	0.191688	0.258437	0.266278	0.254391	0.220894	0.204061	0.17626	0.239949	0.37973	0.929091	0.806497	5.33929	0.421193	0.604627	2.5356	7486	1.21145	1987	2689	3038.75	13560	3.87241	202	383	604	0	0.551549	0.354056	0.0663717	0.0182891	0.00966077	7.37463e-05	0
"H2-2-9.mzML"	2012-10-24T05:20:43Z	0.147917	21.793	29.0526	37.419	1.03676	0.979054	3.6669	7199.77	0.236169	0.110963	0.214125	0.438744	0.225402	0.271666	0.275763	0.22717	0.26648	0.208625	0.214938	0.309957	1.2933	1.14014	3.70577	0.92413	0.96627	1.23696	5983	1.17641	2508.5	2929	3295	22303	4.64919	204	346	567	4.4837e-05	0.442138	0.486392	0.0634444	0.0065462	0.00143478	0	0
"SA1-1-10.mzML"	2012-10-25T07:52:15Z	0.176277	11.8221	15.1591	23.534	1.13501	1.3434	5.19948	7199.03	0.166045	0.123143	0.398837	0.311975	0.229704	0.263044	0.29928	0.207972	0.273441	0.203787	0.200508	0.322264	1.10473	0.803004	4.25423	0.487465	0.511978	1.96704	6511	1.19844	2098	2624	3295	19753	3.99588	201	345	582	0	0.508834	0.405964	0.049714	0.0230851	0.0124032	0	0
"H2-2-8.mzML"	2012-10-24T03:09:02Z	0.174186	16.374	21.5128	31.602	0.870305	0.982358	4.29384	7200.4	0.439129	0.110121	0.168026	0.282724	0.215468	0.262335	0.276967	0.245229	0.289412	0.222153	0.221849	0.266586	1.30633	0.943435	2.79685	2.86847	0.805185	0.63365	5765	1.18348	2984	3381	3785	25048	4.40712	193	294	480	0	0.414564	0.473291	0.0964149	0.0118173	0.00391249	0	0
"SA1-1-3.mzML"	2012-10-24T16:30:09Z	0.158205	21.5914	29.0263	37.0522	1.10861	1.2665	5.44605	7198.95	0.144443	0.135108	0.371609	0.34884	0.246983	0.282109	0.268482	0.202426	0.242265	0.18973	0.199868	0.368137	1.00399	0.780867	4.93864	0.42904	0.485485	2.21982	6830	1.21123	2201	2933.5	3468.75	17648	3.81595	207	377	636	5.66636e-05	0.496487	0.388939	0.0708296	0.0286151	0.0150725	0	0
"SA1-1-4.mzML"	2012-10-24T18:41:44Z	0.163806	23.9065	30.9504	38.0205	1.20017	1.18228	4.61629	7199.86	0.199004	0.131342	0.364781	0.304873	0.253952	0.27817	0.267091	0.200787	0.233558	0.183725	0.196261	0.386455	1.11318	0.94359	4.33153	0.568935	0.698515	1.63892	6783	1.21225	1864.5	2636	3172	18467	4.34046	196.5	355	584	0	0.51898	0.388802	0.0677425	0.0169492	0.00752694	0	0
"SA1-1-6.mzML"	2012-10-24T23:05:15Z	0.172183	18.1862	23.9407	33.5132	1.0943	1.07784	4.87732	7199.99	0.448922	0.120134	0.191303	0.239641	0.235858	0.283362	0.266268	0.214512	0.267645	0.207461	0.212041	0.312854	1.21338	0.990801	3.20811	1.47197	0.721278	0.953496	6199	1.17922	2356	2885	3363.5	22842	4.37969	181	300	501	0	0.448603	0.445539	0.0837492	0.0164609	0.00564749	0	0
"SA1-1-5.mzML"	2012-10-24T20:53:28Z	0.167003	21.1986	27.711	36.6612	1.154	1.07177	3.89744	7199.5	0.315943	0.137797	0.166731	0.379529	0.230114	0.257811	0.280857	0.231218	0.279491	0.23309	0.200066	0.287354	1.0897	0.844094	3.35213	1.23176	0.595148	0.765664	6016	1.18709	2843	3303	4202.25	23796	4.57906	198	326.5	509	8.40477e-05	0.423979	0.443352	0.0978736	0.024668	0.0100437	0	0
"SA1-2-1.mzML"	2012-10-26T09:14:57Z	0.147389	10.8776	14.6777	22.5981	0.966131	1.05896	7.00666	7199.25	0.119699	0.203088	0.422643	0.254569	0.238306	0.237201	0.282764	0.241729	0.259235	0.291253	0.157269	0.292243	0.912125	0.982431	5.78697	0.570428	0.635774	2.69805	7275	1.20856	2096	2432	3974	15130	4.36825	199	379	591	0.000132188	0.623331	0.311765	0.047918	0.0130866	0.00376735	0	0
"SA1-1-8.mzML"	2012-10-25T03:28:42Z	0.158127	24.0189	32.1172	39.8	1.06787	1.06356	3.99861	7199.77	0.300009	0.175732	0.241894	0.282365	0.218626	0.271728	0.289455	0.220191	0.287438	0.221623	0.204155	0.286784	1.18307	0.833907	3.4111	0.775478	0.402196	0.917178	5925	1.18552	2712	3124	4097	24240	4.78021	188	329	562	0	0.453383	0.443482	0.0747525	0.0212459	0.00713696	0	0
"SA1-1-7.mzML"	2012-10-25T01:16:58Z	0.158515	24.1449	31.8763	39.908	1.03044	0.938735	3.45961	7199.7	0.322681	0.13495	0.191184	0.351185	0.221167	0.275151	0.286929	0.216753	0.287223	0.219848	0.207862	0.285067	1.21029	0.919895	3.49571	0.817971	0.670978	0.944663	5847	1.19721	2887	3265	4158	24761	4.91576	197	342	582	4.03861e-05	0.446509	0.444328	0.0822665	0.0193449	0.00751181	0	0
"SA1-1-9.mzML"	2012-10-25T05:40:26Z	0.15491	24.9846	32.5212	39.4284	1.10713	1.04429	4.44902	7199.77	0.201549	0.122472	0.246649	0.42933	0.222206	0.255181	0.302297	0.220316	0.278368	0.217456	0.205734	0.298442	1.05133	0.877609	3.81332	0.681574	0.566175	1.33041	5932	1.20195	2587.75	3012	3602.5	23291	4.47235	206	369	624	0	0.454382	0.452621	0.0650036	0.0202224	0.00777124	0	0
"SA1-2-2.mzML"	2012-10-26T11:26:22Z	0.176847	8.32182	10.7078	16.0407	1.02772	1.19228	6.84608	7199.23	0.117362	0.118295	0.406903	0.35744	0.234913	0.258453	0.280544	0.226091	0.259034	0.243737	0.178464	0.318766	1.06337	0.857177	4.94267	0.398914	0.950797	2.43483	6745	1.19947	2167	2729	4430	17648	3.90829	200.75	361.5	553	0	0.603241	0.327686	0.0512239	0.012976	0.00487307	0	0
"SA1-2-10.mzML"	2012-10-27T04:59:22Z	0.151849	18.9618	26.3388	36.5787	1.29639	1.2551	4.62557	7199.68	0.207263	0.130165	0.322066	0.340506	0.233393	0.250413	0.29181	0.224384	0.271222	0.219003	0.196348	0.313427	1.18207	0.992983	4.44416	0.687722	0.679824	1.55915	6639	1.20592	2428.5	2967	3892	20718	4.29918	200	354	594	0	0.514866	0.388454	0.0568588	0.0198378	0.0199826	0	0
"SA1-2-4.mzML"	2012-10-26T15:49:38Z	0.149427	28.0119	34.9884	41.6049	1.21551	1.15502	4.46226	7199.57	0.195285	0.109914	0.250508	0.444293	0.240372	0.245931	0.298031	0.215666	0.255728	0.216726	0.20518	0.322366	1.15591	1.06004	4.4164	0.718178	0.965566	1.27876	6389	1.20882	2511	2939	3718	21395	4.40439	192.5	343	572.5	4.67399e-05	0.518906	0.382379	0.0724936	0.0182753	0.00789904	0	0
"SA1-2-3.mzML"	2012-10-26T13:37:56Z	0.159795	15.7478	21.0873	31.8944	1.12446	1.31193	5.72923	7199.07	0.14671	0.0979344	0.375637	0.379718	0.224342	0.258089	0.289368	0.228201	0.274163	0.236111	0.197599	0.292127	1.07622	0.928315	4.91719	0.426878	0.711473	2.02434	6199	1.20972	2440	3082	5641	21415	4.55835	243	459	724.5	4.66962e-05	0.597058	0.344712	0.0464161	0.00901237	0.00275508	0	0
"SA1-2-6.mzML"	2012-10-26T20:12:47Z	0.16982	17.4648	23.0612	32.6196	0.987245	0.997791	4.68552	7199.92	0.510993	0.105187	0.135697	0.248123	0.224227	0.266902	0.262833	0.246037	0.28786	0.223998	0.223743	0.264399	1.18715	0.906556	2.78753	3.26985	0.634465	0.708994	6031	1.18151	2869	3324	4030	24261	4.51445	181	296	467	0	0.408763	0.474135	0.0954619	0.0170232	0.00461646	0	0
"SA1-2-5.mzML"	2012-10-26T18:01:06Z	0.159634	31.3	38.4372	45.2732	0.954869	0.960876	3.48431	7199.68	0.339477	0.115938	0.153975	0.39061	0.227679	0.251486	0.279043	0.241792	0.285234	0.241109	0.19545	0.278207	1.1425	0.875961	3.68626	1.38113	0.721162	0.601263	5977	1.19072	2837	3362	4329	24506	4.89774	197	326	533.75	0	0.454909	0.433731	0.0814086	0.0211377	0.00881417	0	0
"SA2-1-1.mzML"	2012-10-27T07:11:01Z	0.170711	8.0388	10.3922	16.1609	0.921265	1.15232	7.48933	7199.18	0.119782	0.274579	0.358187	0.247452	0.249029	0.240929	0.270945	0.239097	0.244302	0.306248	0.157518	0.291932	0.935049	0.900246	3.80433	0.44789	0.52933	3.04835	7549	1.2075	1960	2281	2919	13104	3.60881	193	366	564	7.63126e-05	0.563187	0.37355	0.0481532	0.0105311	0.00442613	0	7.63126e-05
"SA1-2-7.mzML"	2012-10-26T22:24:30Z	0.168804	24.2797	31.9213	40.4342	1.196	1.00339	3.52529	7199.59	0.374273	0.123316	0.236357	0.266054	0.229397	0.270619	0.267772	0.232213	0.279804	0.217142	0.209046	0.294008	1.27734	1.06505	3.353	0.858482	0.670177	0.969514	5933	1.19627	2649	3232	3821	24792	4.55959	191	314	510	0	0.435463	0.478904	0.0760326	0.0078251	0.00177477	0	0
"SA1-2-8.mzML"	2012-10-27T00:36:06Z	0.165606	19.2981	25.622	35.4747	1.01069	1.09929	4.1414	7199.67	0.262772	0.129158	0.212675	0.395396	0.227636	0.26568	0.275149	0.231535	0.280762	0.221612	0.202768	0.294858	1.225	0.936969	3.35094	1.09172	0.596773	0.85503	6070	1.1944	2677.5	3154	3967	23574	4.90849	180	306	515	0	0.439382	0.442649	0.0808518	0.0258335	0.0112836	0	0
"SA2-1-10.mzML"	2012-10-28T22:40:54Z	0.170096	12.2486	15.838	23.8678	1.37869	1.37751	5.17927	7199.72	0.162535	0.0815809	0.305067	0.450817	0.230973	0.266906	0.285496	0.216626	0.264054	0.208972	0.204094	0.32288	1.13234	0.999364	4.48862	0.549428	0.780189	2.14001	6486	1.19911	2282	2795	3553.75	19295	3.96311	205	354	577	0	0.53703	0.397771	0.0484063	0.00891423	0.00787769	0	0
"SA2-1-10_121029005231.mzML"	2012-10-29T00:52:30Z	0.167724	12.127	15.711	23.948	1.31798	1.38305	5.16686	7199.8	0.159925	0.0785693	0.278193	0.483313	0.235801	0.268377	0.282981	0.21284	0.259593	0.203333	0.204667	0.332408	1.11998	1.00204	4.52648	0.569184	0.816773	2.09062	6600	1.20265	2258	2765	3495	18924	3.86654	208	358	578	5.2843e-05	0.545551	0.388449	0.048457	0.00882477	0.00866624	0	0
"SA2-1-1_121027092244.mzML"	2012-10-27T09:22:44Z	0.143504	12.5828	16.6362	27.783	0.951771	1.24034	6.80351	7199.11	0.122466	0.266178	0.366205	0.245151	0.250085	0.23986	0.268754	0.241301	0.225786	0.324861	0.154696	0.294657	0.845053	0.884737	6.00251	0.494088	0.548	2.82613	7720	1.20797	1999	2260.5	2960.25	12815	4.99491	191	381	615	7.80336e-05	0.591494	0.348264	0.046586	0.00998829	0.00351151	0	7.80336e-05
"SA2-1-2.mzML"	2012-10-27T11:34:15Z	0.137809	18.3945	25.4683	35.1234	1.03787	1.26318	6.13898	7199.42	0.123744	0.143172	0.482042	0.251042	0.256419	0.250079	0.262158	0.231344	0.217185	0.224553	0.23207	0.326192	0.895525	0.909355	5.86886	0.406634	0.70033	2.58885	7517	1.20972	2082	2371	2990	14375	3.96103	188	357	594	6.95652e-05	0.613774	0.336696	0.0384696	0.00834783	0.00264348	0	0
"SA1-2-9.mzML"	2012-10-27T02:47:46Z	0.154153	18.3827	25.1434	34.9732	1.11959	1.08858	4.33774	7200.23	0.218263	0.13529	0.230854	0.415593	0.226493	0.251234	0.287553	0.234721	0.257843	0.229789	0.198272	0.314096	1.17401	0.980207	3.73501	1.07035	0.700591	1.13369	6099	1.20008	2650.5	3159	4271	23334	4.8551	200	353	598	4.28559e-05	0.469787	0.436273	0.0659553	0.0176566	0.0102854	0	0
"SA2-1-2_121027134554.mzML"	2012-10-27T13:45:53Z	0.142461	15.7298	20.6009	31.5765	0.954283	1.28031	6.44232	7199.26	0.125236	0.19088	0.432689	0.251194	0.258951	0.249558	0.260541	0.23095	0.209584	0.217987	0.237683	0.334746	0.908462	0.877159	5.79359	0.371004	0.689043	2.58001	7507	1.20259	2097	2388	3042	14411	4.85762	181	351	592	0.000138783	0.616612	0.332107	0.0385816	0.00915967	0.00340018	0	0
"SA2-1-3.mzML"	2012-10-27T15:57:36Z	0.137223	29.5277	36.543	42.9623	1.08226	1.16227	5.11739	7199.32	0.165551	0.15538	0.327133	0.351936	0.251675	0.261619	0.265039	0.221667	0.232242	0.215609	0.213594	0.338555	0.981377	0.909661	5.29022	0.501934	0.92677	1.86091	7045	1.20453	2415	2838	4135	18306	4.77867	189	353	596	5.46269e-05	0.591664	0.342729	0.05124	0.0108161	0.00349612	0	0
"SA2-1-4.mzML"	2012-10-27T20:20:53Z	0.153016	33.2992	39.0863	44.5467	0.893215	0.97761	4.31762	7199.4	0.231026	0.178029	0.297741	0.293205	0.260546	0.267349	0.252223	0.219882	0.240772	0.201772	0.186207	0.371249	1.05308	0.855833	4.48428	0.837787	0.659425	1.14867	6899	1.21219	2221	2793	3359.5	19828	4.67144	176	299	513	5.04337e-05	0.543625	0.361459	0.0657152	0.0195683	0.00958241	0	0
"SA2-1-3_121027180915.mzML"	2012-10-27T18:09:15Z	0.147272	17.0213	23.0424	32.951	1.16852	1.15562	5.59897	7199.09	0.145073	0.17744	0.339442	0.338045	0.249772	0.264916	0.263993	0.221319	0.236748	0.216299	0.214794	0.332159	1.09988	1.10185	5.09634	0.549324	0.981976	1.94474	7025	1.20306	2344	2704	4087	17763	4.44183	189	352	576	5.62968e-05	0.589878	0.345493	0.0503856	0.0107527	0.0034341	0	0
"SA2-1-4_121027223233.mzML"	2012-10-27T22:32:32Z	0.156082	26.3406	33.0795	40.4044	1.05878	1.17352	4.55866	7200.41	0.237244	0.235614	0.248705	0.278437	0.251341	0.273128	0.25576	0.219771	0.244566	0.201145	0.185665	0.368623	1.08287	0.932292	4.49266	0.741194	0.62704	1.3176	6908	1.21157	2225.5	2785	3328	19477	4.64055	182	311	539	0	0.535401	0.368743	0.0657699	0.0201263	0.00996047	0	0
"SA2-1-5.mzML"	2012-10-28T00:44:10Z	0.161303	26.4268	33.7565	41.8012	1.0786	1.05814	3.55717	7199.48	0.301766	0.137379	0.179902	0.380953	0.238303	0.259506	0.27152	0.230671	0.275814	0.22417	0.198195	0.30182	1.2299	1.16745	3.77993	1.26033	0.600883	0.808122	6200	1.2042	2757	3275	4096.25	23211	4.74399	194	324	543	0	0.455129	0.433114	0.0795743	0.0222739	0.00990909	0	0
"SA2-1-5_121028025550.mzML"	2012-10-28T02:55:50Z	0.158424	28.2134	35.8017	43.4556	1.05133	0.942193	3.41738	7199.58	0.296698	0.136734	0.181728	0.384841	0.238337	0.261452	0.268648	0.231563	0.272389	0.226209	0.201041	0.30036	1.21402	1.03703	3.85151	1.19785	0.617932	0.842475	6183	1.19284	2786	3294	4210	23475	4.64501	193	321	533	0	0.452737	0.434803	0.0794888	0.0224068	0.0105644	0	0
"SW1-1-1.mzML"	2012-10-29T12:24:30Z	0.125117	16.8556	25.3557	36.4101	1.29918	1.54489	5.86717	7199.64	0.125921	0.349019	0.280134	0.244926	0.263069	0.24279	0.24734	0.2468	0.149425	0.302451	0.282072	0.266052	0.819295	0.713037	3.65357	0.234818	0.493991	2.84172	8276	1.20674	1839.75	2071	2406.25	7473	4.71545	170	289	492	0.000133815	0.681654	0.300281	0.0145858	0.00120434	0.00200723	0.000133815	0
"SA2-1-6_121028071903.mzML"	2012-10-28T07:19:02Z	0.162805	19.4374	26.1146	36.3523	0.899689	0.935137	4.52318	7200.57	0.535889	0.0885109	0.132242	0.243358	0.228504	0.26439	0.262139	0.244967	0.28767	0.225816	0.22016	0.266354	1.15009	0.852722	3.01716	3.18412	0.653202	0.737626	6072	1.18147	2848	3279	4029.5	23998	4.59615	180	295	474	0	0.398867	0.472914	0.103217	0.0190016	0.0060005	0	0
"SA2-1-6.mzML"	2012-10-28T05:07:29Z	0.15885	25.9659	33.7297	42.6696	1.0034	0.914121	4.31365	7200.88	0.511342	0.126187	0.121415	0.241056	0.23261	0.270289	0.260175	0.236925	0.282749	0.226073	0.220027	0.271151	1.14863	0.946371	3.29997	3.09681	0.638616	0.667037	6114	1.18994	2980	3405	4116	24413	4.61664	181	292	469	0	0.39651	0.474542	0.10351	0.0195797	0.00585753	0	0
"SA2-1-7.mzML"	2012-10-28T09:30:46Z	0.159359	28.5183	35.9595	43.1925	0.909421	0.824571	3.35902	7200.07	0.332124	0.123539	0.170221	0.374116	0.229147	0.267725	0.267769	0.235359	0.285928	0.230489	0.204629	0.278953	1.18188	0.937201	3.62033	1.06853	0.763294	0.608007	5918	1.18913	3033	3507	4487	25157	4.84781	194	325	537	0	0.425846	0.454029	0.0899551	0.0208689	0.00930159	0	0
"SA2-1-7_121028114221.mzML"	2012-10-28T11:42:21Z	0.160671	25.423	33.4426	41.5351	1.01542	0.910118	3.50397	7199.67	0.320528	0.134725	0.165338	0.379409	0.22457	0.263822	0.269522	0.242086	0.285999	0.226596	0.205365	0.282041	1.26459	0.944731	3.49108	1.07228	0.651886	0.741695	5858	1.18688	3033	3516	4507	24933	4.7443	193	331	551	0	0.424417	0.452613	0.0907632	0.0225805	0.0096258	0	0
"SA2-1-8_121028160546.mzML"	2012-10-28T16:05:46Z	0.165627	18.7006	25.0227	34.744	1.05305	1.12636	4.29403	7199.72	0.26228	0.114513	0.205253	0.417955	0.220705	0.260304	0.280258	0.238733	0.282504	0.228414	0.201613	0.287469	1.22558	1.00387	3.29888	1.18879	0.643019	0.885342	5839	1.20717	2775	3261	4461	24042	4.84966	190	328	554.75	4.15939e-05	0.449463	0.436569	0.0812744	0.0221695	0.0104817	0	0
"SA2-1-8.mzML"	2012-10-28T13:54:08Z	0.159303	22.2659	30.3647	40.0889	0.970359	1.00382	4.17773	7200.21	0.29945	0.133398	0.169727	0.397425	0.221497	0.259816	0.278824	0.239863	0.290384	0.229535	0.198818	0.281263	1.23156	1.00874	3.42524	1.16775	0.693107	0.708438	5898	1.19947	2899	3389	4491	24444	4.97325	190	330	558	0	0.433153	0.447513	0.0852561	0.0229095	0.0111684	0	0
"SW1-1-2.mzML"	2012-10-29T14:35:35Z	0.152342	18.8078	25.0165	34.7874	1.22102	1.34587	5.87843	7199.97	0.108179	0.0907061	0.473695	0.32742	0.277748	0.248362	0.237181	0.23671	0.153919	0.124087	0.283092	0.438902	0.827329	0.813171	3.98124	0.3054	0.659638	3.17355	8011	1.21249	1756	2074	2388	9564	4.40242	176	294	472	0.000313676	0.648264	0.315977	0.0287537	0.00470514	0.00198662	0	0
"SW1-1-10.mzML"	2012-10-30T08:08:39Z	0.146816	15.0776	20.9234	32.6567	1.11368	1.33742	5.02909	7199.49	0.109262	0.0558694	0.200037	0.634832	0.213937	0.282785	0.297414	0.205864	0.247067	0.208248	0.210741	0.333944	1.07422	0.890162	5.14137	0.541184	0.640811	2.53055	6204	1.20025	2449.75	2944	3447	20025	3.95828	213	372	594	0	0.526891	0.40035	0.0500375	0.0138327	0.00883895	4.99376e-05	0
"SA2-1-9.mzML"	2012-10-28T18:17:27Z	0.164095	12.9214	17.1372	27.6952	0.99061	1.15586	4.74616	7199.55	0.208969	0.134052	0.247324	0.409655	0.221377	0.261695	0.293438	0.223489	0.277954	0.218657	0.196195	0.307194	1.23859	0.933135	3.62242	0.854837	0.758586	1.34252	5891	1.19945	2555	3097	4223.5	23206	4.78863	198	346	581	0	0.465569	0.438335	0.066276	0.0188744	0.0109454	0	0
"SA2-1-9_121028202914.mzML"	2012-10-28T20:29:13Z	0.153018	23.3379	30.9408	38.4504	1.09205	0.96702	4.31232	7199.4	0.218909	0.129319	0.233555	0.418217	0.229338	0.257163	0.283712	0.229786	0.275353	0.223401	0.199077	0.302169	1.2333	1.05531	3.89452	0.978487	0.656329	1.15016	6086	1.20357	2747	3203	4161.75	23115	4.81843	194	348	588	0	0.47255	0.434696	0.0654121	0.0170885	0.0102531	0	0
"SW1-1-4.mzML"	2012-10-29T18:58:38Z	0.15874	32.2969	38.1312	43.9789	0.935713	0.986332	4.47943	7199.68	0.178287	0.120374	0.325949	0.375391	0.256563	0.292471	0.248333	0.202632	0.228484	0.183325	0.204717	0.383473	1.11498	0.957685	5.1567	0.558255	1.15842	1.86986	6695	1.20255	2329	2768	3139	18124	4.25335	195	333	543	0	0.516939	0.389373	0.0695211	0.0167733	0.00739351	0	0
"SW1-1-3.mzML"	2012-10-29T16:47:03Z	0.146809	27.1354	35.4312	41.7954	1.11209	1.23518	5.2026	7199.69	0.114847	0.111389	0.412054	0.36171	0.243922	0.275676	0.269633	0.210769	0.248972	0.209315	0.222304	0.319409	0.994174	0.871908	5.5105	0.532546	0.674159	2.36504	6552	1.20509	2412.75	2833	3820.75	18977	4.30939	220	406	648	0	0.55894	0.365021	0.0585972	0.0129104	0.0045318	0	0
"SW1-1-6.mzML"	2012-10-29T23:21:58Z	0.171662	23.6541	30.8418	39.229	0.9708	0.974041	4.13406	7199.6	0.255602	0.152553	0.192119	0.399726	0.217845	0.258725	0.26868	0.25475	0.283102	0.225902	0.22589	0.265106	1.16968	0.823013	3.32361	0.975832	0.451544	0.799567	5626	1.17106	2890	3305	3904	24688	4.56552	194	307	481	4.05055e-05	0.406432	0.473145	0.0983879	0.0176604	0.00433409	0	0
"SW1-1-5.mzML"	2012-10-29T21:10:25Z	0.164662	32.0574	38.3047	45.0972	0.980659	0.907058	3.55535	7199.69	0.225116	0.139907	0.201596	0.433381	0.225462	0.261057	0.282882	0.230598	0.272561	0.227016	0.201291	0.299132	1.14619	0.914908	4.12174	1.30514	0.512837	1.01234	5851	1.18134	2828	3277	4264	23284	4.6471	207	351	564	0	0.453316	0.428663	0.0863254	0.0220752	0.00962034	0	0
"SW1-2-1.mzML"	2012-10-30T11:09:03Z	0.169419	10.004	12.6772	18.6806	0.82453	1.29205	7.1876	7199.54	0.11361	0.236089	0.406745	0.243556	0.243147	0.249527	0.269732	0.237594	0.266264	0.264392	0.192077	0.277267	0.950944	0.798518	3.16004	0.427997	0.54027	2.94457	7093	1.18373	2234	2673	3558	15742	4.08738	204	399	664	6.35243e-05	0.577944	0.325943	0.0557744	0.0270614	0.0132131	0	0
"SW1-2-10.mzML"	2012-10-31T06:54:52Z	0.176262	8.0985	10.5537	18.0003	1.16765	1.20427	5.52932	7199.03	0.121669	0.0878313	0.31453	0.475969	0.208912	0.312625	0.290837	0.187626	0.267691	0.187847	0.198473	0.345988	1.47769	1.1687	3.942	0.670436	0.895716	1.85431	5748	1.20282	2077.75	2668	3501.25	21190	4.37722	194	329	532	0	0.500189	0.400142	0.0662105	0.0201038	0.0133554	0	0
"SW1-1-7.mzML"	2012-10-30T01:33:39Z	0.187844	19.6025	24.8673	33.253	1.06086	1.04141	4.18147	7199.57	0.221444	0.14175	0.230999	0.405807	0.20655	0.265628	0.290636	0.237186	0.293919	0.218116	0.203724	0.284241	1.34094	1.06971	4.00319	1.16382	0.548511	1.33867	5480	1.18162	2786.75	3402	4626	24334	4.72322	217	379	602	0	0.42792	0.445426	0.095833	0.0217802	0.00904085	0	0
"SW1-1-8.mzML"	2012-10-30T03:45:14Z	0.163813	16.6967	22.4095	33.5013	1.10833	1.09234	3.96611	7199.11	0.234188	0.122698	0.222698	0.420416	0.217995	0.264565	0.287365	0.230075	0.242584	0.233315	0.212354	0.311748	1.26767	1.01173	3.59362	1.22423	0.592282	1.08389	5622	1.18712	2849.25	3411	4525.75	24235	4.85782	198	350	574.5	0	0.456901	0.428843	0.0798845	0.0222818	0.01209	0	0
"SW1-2-2.mzML"	2012-10-30T13:20:17Z	0.136771	25.4213	33.4686	40.7987	1.19673	1.24543	5.59362	7200.23	0.111813	0.108871	0.491121	0.288195	0.265158	0.252173	0.254517	0.228151	0.208411	0.199011	0.262138	0.33044	0.922163	0.862226	3.36613	0.417494	0.693611	2.80086	7333	1.20023	2140	2450	2949	14740	4.59763	182	335	538	0	0.613772	0.335007	0.0378562	0.00949796	0.00386703	0	0
"SW1-1-9.mzML"	2012-10-30T05:56:56Z	0.151267	13.1241	18.033	29.4631	1.10488	1.08074	5.1635	7199.71	0.195776	0.158351	0.259732	0.386141	0.213629	0.266105	0.301037	0.21923	0.240049	0.226126	0.209442	0.324383	1.24042	1.03546	4.00429	0.813761	0.646193	1.70098	5715	1.19615	2605.5	3260	4534	23290	4.62191	206	367	600	0	0.49313	0.404422	0.0640189	0.0228854	0.0155432	0	0
"SW2-1-10.mzML"	2012-11-01T05:10:13Z	0.33905	6.28195	6.78081	8.19446	0.706096	0.688055	4.76841	7199.78	0.147904	0.617728	0.140645	0.093723	0.271593	0.281843	0.25903	0.187533	0.297285	0.231288	0.229317	0.242111	1.25085	7.70162	5.58727	0.201576	8.11654	3.33789	5358	1.19966	138	164	2426.75	8630	3.04454	184	327	553	0.000115875	0.500232	0.378563	0.0677868	0.0280417	0.0252607	0	0
"SW1-2-3.mzML"	2012-10-30T15:31:53Z	0.150193	31.3069	37.3131	42.881	1.02257	1.1797	5.07268	7199.51	0.147918	0.157305	0.363469	0.331308	0.249421	0.279399	0.262333	0.208848	0.245368	0.209793	0.211384	0.333455	1.0246	0.820022	5.38488	0.530662	0.763801	2.07884	6507	1.19907	2435.5	2911	4023.5	19475	4.45218	194	349	573	0.000154044	0.551887	0.361797	0.0652632	0.0160205	0.0048267	5.13479e-05	0
"SW1-2-5.mzML"	2012-10-30T19:55:18Z	0.164038	20.1038	27.1402	35.8129	0.961641	1.06726	3.77023	7199.29	0.219086	0.130831	0.192268	0.457815	0.228445	0.266011	0.277641	0.227903	0.272001	0.21582	0.209681	0.302497	1.23338	0.946155	3.79919	1.06257	0.71502	1.16947	6087	1.18084	2565	3032	3661	22190	4.34039	195	314	510	0	0.453132	0.438125	0.0789995	0.0208653	0.00887787	0	0
"SW2-1-2.mzML"	2012-10-31T11:33:12Z	0.133861	19.2999	27.2029	36.089	1.26159	1.3187	5.81765	7199.58	0.113235	0.182594	0.454499	0.249672	0.276684	0.240178	0.245883	0.237254	0.157937	0.161477	0.341099	0.339487	0.878479	0.86775	3.97964	0.45007	0.583214	2.87464	7972	1.20934	1799	2036	2387	9973	4.61862	172	309	495	0.000100271	0.630502	0.343427	0.0205555	0.00310839	0.00230623	0	0
"SW1-2-4.mzML"	2012-10-30T17:43:36Z	0.159256	33.1726	38.606	43.9197	0.933899	0.969965	4.45341	7199.59	0.177831	0.116628	0.215224	0.490317	0.22748	0.256064	0.303527	0.212928	0.268659	0.216359	0.202092	0.312891	1.09619	0.863366	4.8401	0.927566	0.722076	1.61547	5990	1.1992	2684	3163	4461	22153	4.63312	223	394	634	4.51406e-05	0.529093	0.379587	0.0600822	0.0197264	0.0114206	4.51406e-05	0
"SW2-1-1.mzML"	2012-10-31T09:21:45Z	0.141376	14.2022	18.4172	30.5384	0.900094	1.2001	7.11583	7199.05	0.114499	0.211909	0.398589	0.275004	0.254041	0.239579	0.269098	0.237282	0.229114	0.2876	0.181627	0.30166	0.865658	0.829821	3.63151	0.370883	0.624908	2.95853	7622	1.20769	2083	2400	2827.75	12923	4.77898	199	405	623.5	0	0.559313	0.388687	0.0354407	0.010756	0.00580361	0	0
"SW2-1-3.mzML"	2012-10-31T13:45:01Z	0.141853	12.6528	17.1471	27.4398	1.30727	1.41122	5.42598	7200.12	0.105492	0.0867849	0.433571	0.374152	0.269372	0.256965	0.257106	0.216557	0.195438	0.1808	0.260191	0.363571	0.936676	0.943105	3.50867	0.502776	0.750904	2.79889	7173	1.20107	1932	2314	2787	13937	4.17936	172	306	482	0	0.601923	0.342828	0.0444859	0.00746215	0.00330057	0	0
"SW1-2-6.mzML"	2012-10-30T22:07:07Z	0.161625	27.2044	34.7529	43.1653	0.907648	0.8128	4.07444	7200.38	0.439462	0.127313	0.154531	0.278694	0.225978	0.266758	0.270196	0.237068	0.279032	0.222913	0.215457	0.282598	1.19285	0.854746	3.62589	2.45115	0.672242	0.796099	5827	1.17905	3028.5	3448	4110	24495	4.52766	192	310	485	0	0.423719	0.456828	0.0958563	0.0182894	0.00530721	0	0
"SW2-1-9.mzML"	2012-11-01T02:57:54Z	0.156359	28.8528	35.3511	42.0525	0.751672	0.833028	3.02938	7200.47	0.565716	0.191796	0.141337	0.10115	0.243041	0.26729	0.268173	0.221497	0.439424	0.175303	0.199715	0.185559	0.962411	7.1908	5.01937	0.13313	8.24519	2.5743	6253	1.20704	130	149	2538	7163	4.44664	197	372	621	0.000139606	0.488901	0.431383	0.057099	0.0147983	0.00767835	0	0
"SW1-2-9.mzML"	2012-10-31T04:42:58Z	0.28101	5.25119	6.16158	7.61933	0.864626	0.990794	5.26717	7199.68	0.201599	0.177205	0.332702	0.288494	0.220652	0.305807	0.296306	0.177235	0.265909	0.207128	0.208339	0.318624	1.32472	1.29445	2.8991	0.706687	0.768154	1.93938	4842	1.19576	2316	3111.5	4183.25	23476	4.59246	199	347	565	0	0.473718	0.428651	0.0675158	0.0191259	0.0109899	0	0
"SW1-2-7.mzML"	2012-10-31T00:19:04Z	0.221405	6.73135	8.07323	11.3026	1.03075	1.05225	4.12525	7199.5	0.194682	0.133447	0.248068	0.423803	0.223555	0.279274	0.298127	0.199044	0.284761	0.206716	0.203081	0.305441	1.60504	1.1756	2.93163	0.90743	0.890686	1.07936	5022	1.18137	2473	3216	4183	24891	4.89909	198.5	337	527	0	0.426941	0.430758	0.106464	0.0259532	0.00988309	0	0
"SW2-1-4.mzML"	2012-10-31T15:56:48Z	0.1313	31.8562	37.6773	43.1347	0.841839	0.903167	4.27599	7199.68	0.1711	0.0882665	0.2655	0.475133	0.259808	0.288498	0.240613	0.211081	0.216547	0.175195	0.213395	0.394862	1.19163	1.22477	4.82914	0.593983	1.23766	2.08583	6615	1.19227	2209	2642	3013	17380	4.46056	178	305	487	0	0.540219	0.369563	0.0710587	0.0144419	0.00471807	0	0
"SW1-2-8.mzML"	2012-10-31T02:31:01Z	0.272296	5.50325	6.43063	8.10601	1.20855	1.03299	5.89948	7199.93	0.198564	0.136119	0.178952	0.486365	0.21125	0.259928	0.323431	0.205391	0.257359	0.22401	0.218844	0.299786	1.76309	1.44673	2.44541	1.01852	1.11302	0.998487	4850	1.18207	2259.5	3261.5	4459.5	25744	4.73281	199	342	537	0	0.450357	0.420836	0.0937694	0.0238891	0.0111482	0	0
"SW2-1-5.mzML"	2012-10-31T18:08:43Z	0.164677	33.0625	39.4798	45.6143	0.979942	0.967816	3.52657	7200.32	0.223445	0.137772	0.205351	0.433431	0.227845	0.257358	0.274592	0.240205	0.277801	0.23	0.208995	0.283204	1.11464	0.836932	4.243	1.18608	0.495565	1.00931	5915	1.18488	2824	3298	4119	23622	4.37651	201	336	539	0	0.452841	0.43468	0.0857252	0.0195157	0.00723901	0	0
"SW2-1-8.mzML"	2012-11-01T00:45:33Z	0.265913	5.78351	6.7133	8.45663	1.14916	1.22029	4.77825	7199.73	0.147505	0.0946065	0.169856	0.588033	0.194717	0.280641	0.330267	0.194375	0.237894	0.215856	0.223095	0.323156	1.64309	1.34346	3.0129	0.844399	1.25156	1.3742	4871	1.19728	2114	2985	4049	24414	4.69633	206	355	566	0	0.458671	0.419391	0.0885148	0.0248628	0.00856066	0	0
"SW2-1-6.mzML"	2012-10-31T20:20:51Z	0.16312	30.3638	37.361	44.8414	0.886981	0.81394	3.89996	7199.76	0.464031	0.11255	0.159933	0.263486	0.2249	0.26968	0.27236	0.23306	0.28289	0.221586	0.21197	0.283554	1.25843	0.895144	3.65719	2.75399	0.64145	0.836303	5828	1.18231	3085	3500	4113.25	24669	4.61821	197	316	494	0	0.414934	0.459646	0.0996798	0.0207548	0.00498601	0	0
"SW2-2-10.mzML"	2012-11-25T01:11:11Z	0.174975	14.6714	18.8577	28.4895	0.986385	1.27721	5.62245	7199.86	0.155532	0.0451584	0.16778	0.631529	0.18814	0.289824	0.335081	0.186954	0.266021	0.211311	0.211926	0.310741	1.28754	1.03257	2.98846	0.878187	0.885515	2.21349	5217	1.18532	2794	3625	4569	21586	4.06147	147	284	490	9.26526e-05	0.50454	0.390392	0.0602242	0.0247383	0.020013	0	0
"SW2-1-7.mzML"	2012-10-31T22:33:09Z	0.159894	12.2859	16.894	29.2152	0.895872	0.997706	3.90826	7199.96	0.210674	0.136387	0.21793	0.435008	0.20694	0.261172	0.299711	0.232177	0.25042	0.229282	0.208414	0.311883	1.39573	0.986483	3.2655	1.14349	0.698913	1.01189	5406	1.17616	2787.25	3325	4329.75	25223	5.1468	213	369	587	0	0.438528	0.428458	0.0997502	0.024779	0.00848432	0	0
"SW2-2-1_121124053608.mzML"	2012-11-24T05:36:07Z	0.185115	8.28997	10.518	14.9905	0.760276	1.06145	6.76841	7199.33	0.153144	0.282729	0.435274	0.128853	0.235055	0.264247	0.270567	0.23013	0.246616	0.249116	0.217769	0.286499	1.04713	0.821514	3.88501	0.337963	0.433883	2.84618	6155	1.19551	2592.5	3202	4230.5	17816	3.82868	121	223	383	5.61293e-05	0.596767	0.32482	0.0605074	0.014762	0.00303098	5.61293e-05	0
"SW2-2-3_121124095703.mzML"	2012-11-24T09:57:02Z	0.164646	14.7809	19.5366	29.6751	1.24373	1.4496	6.19679	7200.38	0.141146	0.059607	0.191528	0.607718	0.222263	0.326321	0.271556	0.17986	0.220544	0.214881	0.22569	0.338885	1.05259	0.957631	3.55173	0.529284	0.942827	2.70921	5440	1.18801	2600	3398	4183.25	20128	3.9457	134	258	459	0.000149046	0.53746	0.377335	0.0654312	0.0150537	0.00457075	0	0
"SW2-2-2_121124074623.mzML"	2012-11-24T07:46:22Z	0.153629	13.1645	17.2414	28.8246	1.01668	1.44164	4.89671	7199	0.144477	0.156442	0.480911	0.21817	0.237898	0.278944	0.266234	0.216924	0.272606	0.224359	0.219882	0.283154	1.0193	0.857251	3.75246	0.401776	0.465852	2.76496	5838	1.1885	2739.25	3342	4336.5	18805	3.91064	139	272	457	0.000159532	0.557458	0.353257	0.0681202	0.0170699	0.00393512	0	0
"SW2-2-6.mzML"	2012-11-24T16:28:29Z	0.19476	13.3968	16.9087	25.1685	1.01058	1.14498	4.44068	7199.46	0.175189	0.0776608	0.165137	0.582013	0.158294	0.251539	0.316715	0.273452	0.29912	0.207705	0.21619	0.276985	1.8396	1.07657	1.85366	1.3975	0.940445	1.25896	4431	1.16195	3097.5	4013	4963.5	24923	4.74266	142	253	466	0	0.408017	0.466597	0.0987441	0.0201019	0.00654014	0	0
"SW2-2-4_121124120729.mzML"	2012-11-24T12:07:28Z	0.167957	18.3214	24.2476	33.9351	1.23481	1.35468	5.6239	7199.56	0.143582	0.0641432	0.199178	0.593096	0.199751	0.295636	0.323766	0.180847	0.277747	0.211879	0.211637	0.298738	1.25022	1.01182	2.98323	0.83643	0.974614	2.23675	4914	1.18728	2822.5	3761.5	4988	22214	4.05416	147	299	544	4.50167e-05	0.517016	0.37841	0.0725218	0.0204376	0.0115693	0	0
"SW2-2-7.mzML"	2012-11-24T18:39:08Z	0.181716	17.9504	23.414	34.3605	1.11054	1.22661	3.62118	7200.37	0.174643	0.0900324	0.172932	0.562393	0.162271	0.248872	0.32884	0.260017	0.294775	0.211609	0.217271	0.276345	1.62111	1.18694	2.07741	1.40373	0.841696	1.26281	4474	1.14931	3097.25	4045	5105.75	24841	4.56377	144	260	489	0	0.420434	0.446037	0.100076	0.0241939	0.00925889	0	0
"SW2-2-5_121124141758.mzML"	2012-11-24T14:17:58Z	0.171689	19.7575	26.2455	36.5593	1.1775	1.31207	4.61527	7199.88	0.166105	0.0840767	0.180084	0.569734	0.178405	0.243286	0.314243	0.264066	0.292811	0.217473	0.216097	0.273619	1.55549	1.05284	4.17129	1.23801	0.720736	1.3909	4772	1.17293	3182.75	4023.5	5105.5	24492	4.33154	144	258	467	0	0.453332	0.428099	0.0868447	0.0227013	0.00902335	0	0
"SW2-2-8.mzML"	2012-11-24T20:49:50Z	0.196277	13.0631	16.0687	24.3828	1.21736	1.28855	4.44949	7200.05	0.177315	0.0856359	0.176148	0.560902	0.164116	0.24373	0.326159	0.265995	0.284736	0.218497	0.220403	0.276364	1.77186	1.30545	1.91636	1.39968	0.903378	1.19942	4446	1.16502	3282.25	4178.5	5357	25408	4.61145	149	279	493	3.93577e-05	0.414948	0.455132	0.0953243	0.0248347	0.00972135	0	0
"SW2-2-9.mzML"	2012-11-24T23:00:29Z	0.182656	13.933	17.6945	27.2274	1.18783	1.27999	3.77641	7199.68	0.160417	0.0924471	0.204289	0.542847	0.187503	0.283898	0.334427	0.194172	0.272733	0.212154	0.216911	0.298202	1.53076	1.08224	2.84261	0.970702	0.924997	1.63159	4977	1.17072	3039	3951	4806	23005	4.29788	157	322	559	8.69376e-05	0.462899	0.435775	0.0734623	0.0182569	0.00951967	0	0